{
  "accuracy": 0.8857142857142857,
  "confusion_matrix": [
    [
      21,
      0
    ],
    [
      4,
      10
    ]
  ],
  "classification_report": {
    "Interictal": {
      "precision": 0.84,
      "recall": 1.0,
      "f1-score": 0.9130434782608695,
      "support": 21.0
    },
    "Ictal": {
      "precision": 1.0,
      "recall": 0.7142857142857143,
      "f1-score": 0.8333333333333334,
      "support": 14.0
    },
    "accuracy": 0.8857142857142857,
    "macro avg": {
      "precision": 0.9199999999999999,
      "recall": 0.8571428571428572,
      "f1-score": 0.8731884057971014,
      "support": 35.0
    },
    "weighted avg": {
      "precision": 0.904,
      "recall": 0.8857142857142857,
      "f1-score": 0.881159420289855,
      "support": 35.0
    }
  },
  "n_train": 139,
  "n_test": 35,
  "n_features": 7,
  "y_test": [
    0,
    0,
    0,
    0,
    0,
    1,
    0,
    0,
    0,
    1,
    1,
    0,
    0,
    1,
    1,
    0,
    1,
    0,
    0,
    0,
    0,
    1,
    1,
    0,
    1,
    0,
    0,
    1,
    1,
    1,
    0,
    1,
    0,
    1,
    0
  ],
  "y_pred": [
    0,
    0,
    0,
    0,
    0,
    1,
    0,
    0,
    0,
    1,
    1,
    0,
    0,
    0,
    0,
    0,
    1,
    0,
    0,
    0,
    0,
    1,
    1,
    0,
    1,
    0,
    0,
    1,
    0,
    1,
    0,
    1,
    0,
    0,
    0
  ]
}